Word 1,Word 2,Word 3,Word 4,Word 5,Word 6,Word 7,Word 8,Word 9,Word 10
patient,treatment,cancer,approach,study,medicine,clinical,disease,personalized,analysis
patient,healthcare,learning,machine,potential,technology,data,challenge,application,treatment
image,imaging,application,field,artificial,intelligence,medical,deep,learning,review
springer,nature,exclusive,licence,author,medium,sciencebusiness,method,llc,alzheimers
study,intervention,patient,outcome,method,approach,health,result,creative,attribution
patient,health,healthcare,data,care,technology,learning,machine,intelligence,medical
medicine,data,clinical,disease,precision,approach,learning,machine,research,patient
sensor,device,monitoring,wearable,internet,iot,thing,technology,activity,smart
model,learning,machine,method,data,result,accuracy,algorithm,using,healthcare
model,patient,method,result,study,conclusion,using,clinical,prediction,machine
